{"cameraMode":{"drawMode":0,"name":"Shaded","section":"Shading Mode"},"sceneLighting":true,"audioPlay":false,"sceneViewState":{"showFog":true,"showMaterialUpdate":false,"showSkybox":true,"showFlares":true,"showImageEffects":true,"showParticleSystems":true},"in2DMode":false,"pivot":{"x":3.227329969406128,"y":1.1862478256225587,"z":-3.0200867652893068},"rotation":{"x":-0.11390567570924759,"y":0.4467009902000427,"z":-0.057224053889513019,"w":-0.8856331706047058},"size":34.852264404296878,"orthographic":false}